City,Longitude,Latitude,Temp. (max),Humidity,Cloudiness,Wind Speed,Dates
Esperance,121.9,-33.8667,58.84,70.0,75.0,37.38,1627355011.0
Touros,-35.4608,-5.1989,72.5,89.0,5.0,8.7,1627355247.0
New Norfolk,147.0587,-42.7826,60.93,60.0,58.0,5.01,1627355148.0
Mataura,168.8643,-46.1927,52.48,70.0,13.0,4.74,1627354986.0
Curaçá,-39.9094,-8.9903,73.71,65.0,89.0,15.12,1627355247.0
Maumere,122.2111,-8.6199,83.48,58.0,76.0,5.1,1627355248.0
Butaritari,172.7902,3.0707,82.44,74.0,41.0,5.88,1627355006.0
Tadine,167.8833,-21.55,72.0,56.0,73.0,14.41,1627355248.0
George Town,100.3354,5.4112,86.9,77.0,20.0,5.75,1627355248.0
Rikitea,-134.9692,-23.1203,74.98,81.0,98.0,18.41,1627355249.0
Anito,125.2886,12.4497,90.61,57.0,100.0,12.1,1627355249.0
Bethel,-73.414,41.3712,74.62,86.0,2.0,3.31,1627354859.0
Watertown,-71.1828,42.3709,76.01,79.0,1.0,1.99,1627355107.0
Kruisfontein,24.7314,-34.0033,68.88,27.0,11.0,19.33,1627355249.0
Avarua,-159.775,-21.2078,77.05,73.0,40.0,6.91,1627355010.0
Nālūt,10.85,30.3333,77.81,30.0,0.0,14.88,1627355134.0
Aklavik,-135.0107,68.2191,54.72,84.0,100.0,3.4,1627355002.0
Yining,114.5636,29.0361,87.03,70.0,72.0,7.38,1627355250.0
Karratha,116.8463,-20.7377,77.41,56.0,91.0,11.21,1627355072.0
,,,,,,,
Ostrovnoy,39.5131,68.0531,46.08,85.0,100.0,22.35,1627355028.0
Bluff,168.3333,-46.6,52.81,71.0,22.0,21.34,1627355251.0
Punta Arenas,-70.9167,-53.15,39.31,87.0,75.0,6.91,1627355251.0
Bredasdorp,20.0403,-34.5322,50.58,62.0,6.0,5.57,1627355251.0
Asău,26.4,46.4333,67.95,78.0,77.0,4.79,1627355251.0
Kiryat Gat,34.7642,31.61,77.4,86.0,0.0,3.78,1627354981.0
Port Alfred,26.891,-33.5906,61.45,31.0,30.0,11.21,1627355166.0
Kapaa,-159.319,22.0752,84.52,76.0,1.0,3.0,1627355155.0
Hobart,147.3294,-42.8794,61.27,56.0,75.0,3.0,1627355252.0
Atuona,-139.0333,-9.8,77.47,75.0,36.0,21.59,1627354953.0
Kita,-9.4895,13.0349,75.33,92.0,98.0,5.01,1627355252.0
Boshnyakovo,142.1667,49.6333,74.98,68.0,95.0,6.38,1627355253.0
Opuwo,13.84,-18.0607,53.91,42.0,0.0,8.75,1627355253.0
Sattahip,100.9007,12.6664,89.17,79.0,40.0,11.5,1627355253.0
Srednekolymsk,153.6833,67.45,56.44,44.0,96.0,18.43,1627355197.0
Ribeira Grande,-28.7,38.5167,71.11,88.0,95.0,9.08,1627355108.0
Tuatapere,167.6833,-46.1333,52.83,62.0,14.0,4.97,1627354937.0
Varca,73.9167,15.2167,80.44,83.0,100.0,15.48,1627355254.0
Nome,-165.4064,64.5011,50.07,93.0,90.0,11.5,1627355254.0
Provideniya,-173.3,64.3833,50.11,81.0,90.0,11.18,1627355254.0
High Prairie,-116.4858,55.4334,66.38,55.0,19.0,1.88,1627355255.0
Tuktoyaktuk,-133.0374,69.4541,46.44,74.0,100.0,10.49,1627354959.0
Hualmay,-77.6139,-11.0964,63.77,88.0,40.0,8.7,1627355031.0
Río Gallegos,-69.2181,-51.6226,35.65,93.0,75.0,5.75,1627355255.0
Saldanha,17.9442,-33.0117,55.22,91.0,0.0,9.95,1627355255.0
Trairi,-39.2689,-3.2778,78.21,79.0,4.0,13.09,1627355064.0
,,,,,,,
Turaif,38.6637,31.6725,80.37,33.0,0.0,13.38,1627355256.0
Nikolskoye,30.7861,59.7035,66.79,70.0,7.0,3.6,1627355256.0
Ushuaia,-68.3,-54.8,33.46,93.0,75.0,4.61,1627355102.0
Victor Harbor,138.6167,-35.5667,69.46,41.0,39.0,5.99,1627355257.0
Barrow,-156.7887,71.2906,46.42,93.0,90.0,8.05,1627355257.0
Namatanai,152.4333,-3.6667,84.7,67.0,23.0,5.46,1627355257.0
Salalah,54.0924,17.0151,78.89,89.0,75.0,9.22,1627355257.0
,,,,,,,
Ludhiana,75.85,30.9,81.18,84.0,100.0,8.3,1627355258.0
,,,,,,,
Bengkulu,102.2655,-3.8004,83.82,57.0,15.0,1.54,1627355258.0
Fukuechō,128.8419,32.6881,81.23,73.0,0.0,2.77,1627355258.0
Bambous Virieux,57.7575,-20.3428,67.21,77.0,75.0,14.25,1627355259.0
Torbay,-52.7314,47.6666,56.75,92.0,0.0,1.99,1627355259.0
Beringovskiy,179.3167,63.05,51.22,93.0,100.0,8.34,1627355052.0
Iqaluit,-68.5145,63.7506,47.7,87.0,100.0,1.86,1627355253.0
San Quintín,-115.95,30.4833,68.23,82.0,1.0,8.97,1627355178.0
,,,,,,,
Sola,167.55,-13.8833,80.53,77.0,59.0,16.26,1627355260.0
Lompoc,-120.4579,34.6391,73.22,84.0,90.0,3.44,1627355260.0
Albany,-73.9662,42.6001,69.93,83.0,0.0,4.12,1627355260.0
,,,,,,,
Dikson,80.5464,73.5069,38.7,99.0,100.0,8.95,1627355261.0
Naze,129.4833,28.3667,78.82,82.0,100.0,12.59,1627355131.0
Hermanus,19.2345,-34.4187,52.9,65.0,2.0,11.01,1627355261.0
Qaanaaq,-69.3632,77.484,42.21,87.0,100.0,9.37,1627355156.0
,,,,,,,
Ponta do Sol,-17.1,32.6667,74.03,71.0,1.0,4.83,1627355193.0
Saint-Augustin,-58.6502,51.226,57.83,92.0,100.0,9.06,1627355262.0
Makubetsu,141.8211,45.3714,79.14,67.0,2.0,16.46,1627355262.0
Vanimo,141.3028,-2.6741,86.05,65.0,47.0,7.58,1627355038.0
Souillac,57.5167,-20.5167,67.35,82.0,90.0,13.47,1627355168.0
Severo-Kuril'sk,156.125,50.6789,61.56,87.0,78.0,9.8,1627355262.0
Port Macquarie,152.9167,-31.4333,68.9,47.0,1.0,8.37,1627355193.0
,,,,,,,
,,,,,,,
Hithadhoo,73.0833,-0.6,81.21,73.0,100.0,5.21,1627355100.0
Comodoro Rivadavia,-67.5,-45.8667,42.24,72.0,100.0,26.28,1627355171.0
Melur,78.3333,10.05,87.62,59.0,100.0,7.27,1627355263.0
Vaini,-175.2,-21.2,73.35,73.0,99.0,15.14,1627354885.0
East London,27.9116,-33.0153,65.01,27.0,6.0,12.77,1627355196.0
Guisa,-76.5386,20.255,75.51,92.0,60.0,3.91,1627355167.0
Batemans Bay,150.1833,-35.7167,66.09,43.0,2.0,11.65,1627355264.0
Port Elizabeth,25.5701,-33.918,71.1,33.0,78.0,15.26,1627355094.0
Yellowknife,-114.3525,62.456,59.32,59.0,99.0,3.0,1627355264.0
Cape Town,18.4232,-33.9258,57.88,83.0,2.0,3.0,1627355160.0
Chokurdakh,147.9167,70.6333,45.05,63.0,100.0,13.29,1627354969.0
Narsaq,-46.05,60.9167,49.68,81.0,82.0,6.49,1627355265.0
Coquimbo,-71.3436,-29.9533,51.53,87.0,0.0,6.91,1627355222.0
Jiwani,61.7417,25.05,82.89,86.0,75.0,6.69,1627355265.0
Pemangkat,108.9667,1.1667,85.73,72.0,98.0,7.49,1627355265.0
Norsup,167.3833,-16.0667,80.4,76.0,90.0,15.21,1627355266.0
Hilo,-155.09,19.7297,75.25,94.0,49.0,1.99,1627355004.0
Yar-Sale,70.8333,66.8333,54.86,58.0,68.0,8.16,1627355266.0
Jetpur,70.6167,21.7333,85.55,86.0,100.0,16.75,1627355266.0
Grootfontein,18.1167,-19.5667,42.89,56.0,0.0,4.61,1627355267.0
Meulaboh,96.1285,4.1363,83.75,69.0,65.0,1.41,1627355177.0
Anadyr,177.4833,64.75,52.3,93.0,75.0,8.01,1627355267.0
Yulara,130.9889,-25.2406,80.44,16.0,8.0,25.32,1627355267.0
,,,,,,,
Busselton,115.3333,-33.65,55.04,57.0,96.0,25.19,1627355268.0
,,,,,,,
Oranjemund,16.4333,-28.55,58.03,60.0,0.0,7.31,1627355058.0
Castro,-50.0119,-24.7911,58.21,60.0,61.0,5.14,1627354877.0
Sept-Îles,-66.3821,50.2001,63.12,93.0,90.0,1.01,1627355079.0
College,-147.8028,64.8569,71.55,48.0,75.0,6.91,1627355206.0
Kavieng,150.7967,-2.5744,85.12,65.0,43.0,4.32,1627354981.0
,,,,,,,
Mar del Plata,-57.5575,-38.0023,39.0,45.0,10.0,8.01,1627355269.0
Buenos Aires,-58.3772,-34.6132,48.94,54.0,54.0,4.0,1627354981.0
Netivot,34.5886,31.4222,74.89,85.0,0.0,4.61,1627355269.0
Brejo Santo,-38.9872,-7.4933,73.56,63.0,100.0,5.59,1627355253.0
Kahului,-156.47,20.8947,83.46,76.0,40.0,25.32,1627355164.0
Alta Floresta,-56.0861,-9.8756,71.17,49.0,4.0,1.41,1627355269.0
Tasiilaq,-37.6368,65.6145,35.08,89.0,27.0,5.61,1627355129.0
Laas,10.7002,46.6166,61.02,96.0,100.0,1.52,1627355047.0
Longyearbyen,15.6401,78.2186,42.64,93.0,90.0,1.14,1627355270.0
Marsabit,37.9899,2.3284,57.52,76.0,95.0,13.71,1627355270.0
Mnogovershinnyy,139.9242,53.9353,71.69,59.0,100.0,4.41,1627355270.0
Jinchang,102.1739,38.4953,75.33,32.0,100.0,20.58,1627355132.0
Conde,-34.9075,-7.2597,71.06,100.0,20.0,4.61,1627355235.0
Dingle,122.6711,10.9995,88.66,62.0,45.0,18.1,1627355155.0
Sumenep,113.8667,-7.0167,83.97,54.0,4.0,11.34,1627355271.0
Zhigansk,123.3711,66.7697,62.35,53.0,6.0,17.65,1627355271.0
Mwene-Ditu,23.45,-7.0,58.35,43.0,83.0,5.57,1627355272.0
Centenário do Sul,-51.5953,-22.8211,65.55,43.0,3.0,3.74,1627355272.0
Grajewo,22.4554,53.6473,62.04,98.0,87.0,5.66,1627355272.0
Banepā,85.5214,27.6298,73.72,88.0,75.0,0.0,1627355273.0
Hofn,-15.2082,64.2539,51.85,91.0,100.0,7.02,1627355062.0
,,,,,,,
Kitimat,-128.6534,54.0524,58.91,87.0,89.0,4.21,1627355273.0
Mount Gambier,140.7667,-37.8333,57.11,54.0,100.0,19.57,1627355273.0
Berezovyy,135.7,51.6667,68.14,95.0,100.0,4.41,1627355274.0
Sitka,-135.33,57.0531,64.29,63.0,40.0,0.0,1627355274.0
La Santisima Trinidad,-64.9,-14.8333,78.04,53.0,8.0,3.33,1627355274.0
Puerto Ayora,-90.3518,-0.7393,71.55,87.0,43.0,7.0,1627355121.0
Whitehorse,-135.0538,60.7161,52.02,87.0,100.0,10.0,1627355275.0
Pangoa,-73.0,-12.1167,68.99,78.0,0.0,3.06,1627355275.0
Godalming,-0.6173,51.1846,65.43,84.0,40.0,18.41,1627355275.0
Leningradskiy,178.4167,69.3833,40.69,83.0,86.0,9.62,1627355275.0
Ilulissat,-51.1,69.2167,45.1,90.0,99.0,6.89,1627355127.0
Biscarrosse,-1.1672,44.3945,60.66,94.0,20.0,0.0,1627355276.0
Carnarvon,113.6333,-24.8667,70.25,58.0,17.0,17.56,1627355035.0
Kargasok,80.8572,59.0556,59.38,58.0,29.0,15.5,1627355121.0
Faanui,-151.75,-16.4833,78.37,76.0,53.0,9.89,1627355058.0
Paamiut,-49.6678,61.994,44.74,94.0,100.0,11.97,1627355033.0
Sambava,50.1667,-14.2667,67.57,85.0,47.0,14.43,1627355277.0
Gravdal,13.5031,68.1214,54.16,91.0,24.0,8.48,1627354990.0
Khatanga,102.5,71.9667,72.72,52.0,99.0,18.72,1627355160.0
Pandan Niog,120.5631,6.2282,84.15,78.0,63.0,15.97,1627355277.0
Salinas,-121.6555,36.6777,75.22,79.0,1.0,10.36,1627355101.0
Boralday,76.8594,43.3578,78.66,44.0,40.0,11.18,1627355277.0
Haverhill,-71.0773,42.7762,75.92,88.0,1.0,4.61,1627355278.0
Dwārka,68.9678,22.2394,83.05,83.0,100.0,24.29,1627355278.0
Mataram,116.1167,-8.5833,85.01,53.0,12.0,7.31,1627355278.0
Mogadishu,45.3438,2.0371,76.12,82.0,95.0,21.85,1627355279.0
Bilibino,166.4372,68.0546,55.94,45.0,76.0,16.87,1627355048.0
Luena,19.9167,-11.7833,45.61,50.0,100.0,4.7,1627355279.0
Ndélé,20.6473,8.4109,68.34,98.0,100.0,2.33,1627355279.0
,,,,,,,
Lavrentiya,-171.0,65.5833,44.89,99.0,100.0,4.18,1627355280.0
Niquelândia,-48.4597,-14.4739,65.84,43.0,0.0,3.24,1627354990.0
Dicabisagan,122.4157,17.0818,91.02,58.0,86.0,4.32,1627355280.0
Waingapu,120.2641,-9.6567,86.13,53.0,35.0,12.33,1627355194.0
Urengoy,78.3667,65.9667,47.68,96.0,100.0,18.95,1627355280.0
Saint-Philippe,55.7679,-21.3585,65.79,84.0,83.0,9.15,1627355281.0
Richards Bay,32.0377,-28.783,60.22,60.0,21.0,14.56,1627355120.0
Puerto Escondido,-97.0667,15.85,83.23,69.0,40.0,6.91,1627355196.0
Centerville,-84.1594,39.6284,75.18,79.0,1.0,0.0,1627355281.0
Märsta,17.8548,59.6216,69.19,94.0,89.0,9.22,1627355282.0
Hambantota,81.1185,6.1241,84.54,79.0,100.0,13.8,1627355282.0
Manuk Mangkaw,119.85,4.8,84.63,78.0,18.0,16.17,1627355282.0
Abhā,42.5053,18.2164,64.78,73.0,73.0,3.24,1627355282.0
Deming,-107.7586,32.2687,80.78,36.0,40.0,10.36,1627355055.0
Langarūd,50.1535,37.197,73.45,65.0,2.0,2.28,1627355283.0
Quatre Cocos,57.7625,-20.2078,67.08,77.0,77.0,13.4,1627355219.0
Baruun-Urt,113.2792,46.6806,70.38,50.0,16.0,3.98,1627355043.0
Saskylakh,114.0833,71.9167,60.67,58.0,98.0,9.08,1627355283.0
Mackenzie,-123.1698,55.2999,60.13,75.0,62.0,3.36,1627355284.0
Fairbanks,-147.7164,64.8378,71.56,49.0,75.0,9.22,1627355157.0
Peniche,-9.3811,39.3558,66.72,89.0,7.0,15.97,1627355284.0
Caravelas,-39.2481,-17.7125,68.29,91.0,4.0,4.76,1627355284.0
,,,,,,,
Raymond,-70.4703,43.9015,70.99,91.0,8.0,2.77,1627355285.0
Ambilobe,49.05,-13.2,65.66,74.0,48.0,3.78,1627355237.0
Thompson,-97.8558,55.7435,60.84,41.0,10.0,3.04,1627355059.0
Havre-St-Pierre,-63.5986,50.2334,58.28,98.0,84.0,5.21,1627355071.0
Tezu,96.1667,27.9167,77.97,98.0,100.0,0.54,1627355097.0
Fortuna,-124.1573,40.5982,56.86,90.0,90.0,1.01,1627355285.0
Luganville,167.1667,-15.5333,79.29,85.0,98.0,11.88,1627355286.0
Suntar,117.6319,62.1444,88.2,37.0,32.0,2.82,1627355222.0
Charlottesville,-78.4767,38.0293,76.59,89.0,75.0,1.99,1627355231.0
Port Blair,92.75,11.6667,84.31,80.0,75.0,20.67,1627355204.0
Kushima,131.2333,31.4583,89.11,57.0,0.0,5.55,1627355286.0
The Valley,-63.0578,18.217,82.09,75.0,98.0,18.23,1627355286.0
Antalaha,50.2788,-14.9003,67.5,82.0,76.0,9.95,1627355217.0
Sisimiut,-53.6735,66.9395,57.87,65.0,73.0,13.13,1627355287.0
Pevek,170.3133,69.7008,36.46,88.0,86.0,18.61,1627355287.0
Northam,-4.2167,51.0333,63.66,97.0,100.0,10.2,1627355287.0
Guangming,122.7833,45.3333,80.08,73.0,99.0,7.07,1627355288.0
Shahr-e Bābak,55.1186,30.1165,77.47,21.0,2.0,19.91,1627355288.0
Gurun,100.4738,5.8172,86.74,68.0,75.0,2.44,1627355288.0
Prainha,-53.48,-1.8,75.63,67.0,19.0,2.57,1627355289.0
Lakes Entrance,147.981,-37.8811,66.18,42.0,4.0,8.34,1627355289.0
Jumla,82.1838,29.2747,69.28,86.0,98.0,3.06,1627355054.0
Ancud,-73.8203,-41.8697,42.33,80.0,26.0,4.7,1627355289.0
Bouza,6.0428,14.4229,72.64,84.0,100.0,7.63,1627355290.0
Saint George,-113.5841,37.1041,79.54,83.0,1.0,3.44,1627355290.0
,,,,,,,
Marsh Harbour,-77.0636,26.5412,82.98,76.0,3.0,10.31,1627355290.0
Pochutla,-96.4661,15.7432,81.45,93.0,100.0,3.94,1627355291.0
Isahaya,130.0431,32.8411,97.45,59.0,20.0,6.91,1627355291.0
Madison,-86.5667,34.7334,79.47,88.0,20.0,1.01,1627355125.0
Murgab,61.9714,37.4966,89.24,18.0,0.0,15.93,1627355291.0
Los Llanos de Aridane,-17.9182,28.6585,69.55,96.0,90.0,13.8,1627355058.0
Buri,-48.5928,-23.7975,60.08,51.0,2.0,3.49,1627355292.0
Kushiro,144.3747,42.975,65.35,97.0,100.0,11.99,1627355292.0
Lahān,86.4951,26.7296,80.96,87.0,100.0,2.28,1627355292.0
Lamu,40.902,-2.2717,71.82,80.0,55.0,19.17,1627355292.0
,,,,,,,
Tual,132.75,-5.6667,81.52,77.0,50.0,17.0,1627355293.0
Nador,-2.9287,35.174,68.25,88.0,0.0,1.14,1627355293.0
Mehamn,27.8492,71.0357,40.95,93.0,0.0,2.3,1627355293.0
Makanya,37.8333,-4.3667,58.59,83.0,12.0,3.53,1627355294.0
Contamana,-75.0167,-7.3333,75.96,74.0,11.0,1.97,1627355294.0
Chabahar,60.643,25.2919,84.79,80.0,70.0,4.61,1627355294.0
Arraial do Cabo,-42.0278,-22.9661,69.94,85.0,0.0,25.08,1627355295.0
Agbor,6.1934,6.2518,68.13,89.0,99.0,3.89,1627355295.0
Avera,-82.5271,33.194,81.91,70.0,49.0,6.38,1627355295.0
Ahar,47.0699,38.4774,69.4,62.0,56.0,3.2,1627355295.0
Mlowo,32.9833,-9.0,43.88,94.0,21.0,4.38,1627355296.0
São José da Coroa Grande,-35.1478,-8.8978,73.72,88.0,48.0,7.02,1627355296.0
Hīt,42.8251,33.6416,95.68,20.0,6.0,10.54,1627355296.0
Olinda,-34.8553,-8.0089,69.53,88.0,75.0,4.61,1627355288.0
Carauari,-66.8958,-4.8828,76.3,76.0,45.0,2.19,1627355297.0
Seminole,-81.2081,28.7086,82.53,86.0,1.0,5.75,1627355297.0
Upernavik,-56.1549,72.7868,46.18,90.0,100.0,9.42,1627354954.0
,,,,,,,
Hong Kong,114.1577,22.2855,94.96,77.0,99.0,7.0,1627355298.0
Mahébourg,57.7,-20.4081,67.24,78.0,76.0,14.72,1627355147.0
Marzuq,46.4667,14.4,72.93,75.0,86.0,6.33,1627355298.0
Buta,24.73,2.7858,69.48,99.0,100.0,1.9,1627355298.0
Rocha,-54.3333,-34.4833,43.23,92.0,4.0,5.97,1627355191.0
Hābra,88.6275,22.8344,84.09,79.0,95.0,5.44,1627355299.0
Tessalit,1.0114,20.1986,90.86,35.0,100.0,7.72,1627355299.0
Nyurba,118.3319,63.2842,84.22,47.0,0.0,5.75,1627355299.0
Isangel,169.2667,-19.55,74.53,64.0,100.0,15.39,1627354983.0
Kaitangata,169.8464,-46.2817,55.92,46.0,8.0,8.1,1627355061.0
Nuevo Progreso,-97.95,23.1667,83.59,88.0,6.0,2.66,1627355300.0
Sibiti,13.3499,-3.6819,63.52,98.0,26.0,2.17,1627355300.0
Antofagasta,-70.4,-23.65,57.33,76.0,30.0,7.18,1627355000.0
Tafresh,50.013,34.692,73.26,32.0,0.0,6.08,1627355300.0
Cerrito,-72.694,6.8432,51.19,94.0,100.0,4.85,1627355301.0
Anloga,0.8973,5.7947,76.06,78.0,100.0,14.16,1627355301.0
Lata,-8.3327,40.1629,63.91,97.0,59.0,2.73,1627355173.0
Jamestown,-79.2353,42.097,69.51,77.0,1.0,4.23,1627355100.0
Mossamedes,12.1522,-15.1961,63.9,80.0,0.0,3.76,1627355063.0
Kenai,-151.2583,60.5544,63.03,88.0,90.0,10.36,1627355301.0
Ossora,163.0719,59.2353,65.12,65.0,100.0,16.33,1627355302.0
,,,,,,,
Olafsvik,-23.7142,64.8945,50.29,84.0,96.0,12.8,1627355133.0
Ust-Nera,143.2,64.5667,61.18,65.0,100.0,6.58,1627355302.0
Palmer,-72.3287,42.1584,72.93,83.0,1.0,0.0,1627355104.0
Tinskoy,96.9161,56.1525,78.8,50.0,2.0,3.8,1627355302.0
Noormarkku,21.8685,61.5927,56.98,88.0,0.0,3.44,1627355303.0
Takoradze,-1.7554,4.8845,75.54,80.0,100.0,10.38,1627355303.0
Vila Franca do Campo,-25.4333,37.7167,70.21,92.0,94.0,4.97,1627355184.0
Imbituba,-48.6703,-28.24,66.81,87.0,100.0,8.41,1627355303.0
Atbasar,68.3333,51.8,61.93,44.0,4.0,6.13,1627355304.0
Hirara,125.2833,24.8,84.06,94.0,75.0,8.05,1627355304.0
Luoyang,112.4536,34.6836,88.43,62.0,3.0,1.07,1627355074.0
Ahipara,173.1667,-35.1667,57.9,68.0,3.0,16.15,1627355183.0
Constitución,-72.4167,-35.3333,44.74,67.0,0.0,12.93,1627355203.0
Tibati,12.6333,6.4667,64.63,97.0,100.0,1.21,1627355305.0
Cabo San Lucas,-109.9124,22.8909,89.51,72.0,1.0,5.99,1627355163.0
Viedma,-62.9967,-40.8135,42.8,65.0,99.0,23.62,1627355239.0
São Desidério,-44.9733,-12.3633,63.36,54.0,5.0,2.77,1627355305.0
Batesville,-91.641,35.7698,83.95,81.0,1.0,0.0,1627355305.0
Lüderitz,15.1594,-26.6481,58.91,67.0,0.0,6.8,1627355008.0
Chui,-53.4616,-33.6971,45.37,85.0,0.0,7.83,1627355022.0
Monterey,-121.2516,36.2505,67.84,46.0,40.0,4.94,1627355306.0
Necochea,-58.7368,-38.5473,37.04,69.0,95.0,21.9,1627355306.0
Pathein,94.7333,16.7833,81.21,87.0,99.0,13.35,1627355306.0
Camaná,-72.7111,-16.6228,60.58,90.0,62.0,11.52,1627355307.0
Manacapuru,-60.6206,-3.2997,75.78,74.0,99.0,3.06,1627355069.0
,,,,,,,
Ocampo,-101.5,21.65,60.62,64.0,11.0,12.26,1627355307.0
Alyangula,136.4192,-13.8483,78.78,70.0,66.0,1.88,1627355056.0
Şuhut,30.5458,38.5311,58.59,79.0,0.0,4.74,1627355308.0
Laje,-40.9667,-10.1833,65.19,90.0,42.0,5.06,1627355308.0
,,,,,,,
Taoudenni,-3.9836,22.6783,96.55,8.0,0.0,4.45,1627355308.0
Avilés,-5.9248,43.5547,65.59,77.0,75.0,8.05,1627355309.0
Smoky Lake,-112.4686,54.1169,71.49,65.0,73.0,2.62,1627355309.0
Romitan,64.3814,39.9343,80.55,24.0,0.0,18.41,1627355309.0
,,,,,,,
Korla,86.1469,41.7597,91.83,17.0,0.0,11.45,1627355310.0
Arrondissement de Tarbes,0.1667,43.25,58.89,100.0,0.0,4.61,1627355310.0
Coahuayana Viejo,-103.6833,18.7333,79.81,88.0,57.0,0.63,1627355310.0
Venâncio Aires,-52.1919,-29.6064,66.25,98.0,100.0,3.06,1627355091.0
Cherskiy,161.3,68.75,52.25,50.0,11.0,23.2,1627355032.0
Mingshui,117.5,36.7167,89.58,70.0,96.0,3.8,1627355311.0
,,,,,,,
,,,,,,,
Cidreira,-50.2056,-30.1811,62.35,98.0,100.0,8.95,1627355311.0
Sobolevo,31.8996,54.4299,61.83,78.0,16.0,5.23,1627355311.0
Kupino,77.2981,54.3663,60.75,58.0,1.0,8.72,1627355312.0
Vigrestad,5.7,58.5667,63.97,95.0,100.0,3.11,1627355312.0
Weston,-80.3998,26.1004,84.02,87.0,1.0,0.0,1627355312.0
Barra de Tecoanapa,-98.75,16.5167,82.09,77.0,100.0,5.41,1627355078.0
Ulaanbaatar,106.8832,47.9077,71.73,46.0,20.0,4.47,1627355313.0
Saint-Joseph,55.6167,-21.3667,64.78,82.0,42.0,11.36,1627355313.0
Cabedelo,-34.8339,-6.9811,72.27,83.0,4.0,8.05,1627355051.0
Lebu,-73.65,-37.6167,45.07,79.0,55.0,16.89,1627355056.0
Alofi,-169.9187,-19.0595,80.49,69.0,40.0,5.75,1627355314.0
,,,,,,,
Haifa,34.9892,32.8156,81.54,83.0,40.0,5.75,1627355314.0
Port Lincoln,135.8667,-34.7333,63.52,48.0,86.0,30.33,1627355314.0
Krasnooktyabrskiy,38.3712,44.9328,78.1,56.0,100.0,3.8,1627355315.0
Tiksi,128.8694,71.6872,37.87,89.0,81.0,9.64,1627355055.0
San Cristobal,-72.225,7.7669,66.61,94.0,99.0,2.24,1627355315.0
Kathu,98.3332,7.9178,87.62,73.0,81.0,14.99,1627355315.0
La Crosse,-91.2396,43.8014,76.35,84.0,3.0,6.67,1627355094.0
Kantunilkín,-87.45,21.0917,80.44,90.0,49.0,2.06,1627355316.0
Watrous,-105.4679,51.6668,71.64,38.0,0.0,4.83,1627355316.0
Amapá,-52.0,1.0,70.21,97.0,64.0,2.21,1627355316.0
Marsá Maţrūḩ,27.2453,31.3525,76.51,77.0,0.0,10.78,1627355316.0
,,,,,,,
Barcelos,-8.6151,41.5388,63.91,91.0,3.0,3.15,1627355252.0
Paragominas,-47.4833,-2.9667,71.1,67.0,12.0,3.53,1627355317.0
Pergine Valsugana,11.238,46.065,66.61,93.0,100.0,3.0,1627355317.0
Dawei,98.2,14.0833,80.2,87.0,100.0,6.13,1627355317.0
Katherine,132.2667,-14.4667,86.32,35.0,33.0,4.61,1627355315.0
Doka,35.7667,13.5167,68.68,95.0,100.0,7.47,1627355318.0
Tilichiki,166.1,60.4667,55.31,96.0,100.0,3.87,1627355318.0
Daram,124.7947,11.6341,88.0,65.0,93.0,12.95,1627355318.0
Nieuw Amsterdam,-55.0833,5.8833,79.02,90.0,97.0,5.68,1627355319.0
Nsanje,35.262,-16.92,54.48,97.0,39.0,1.1,1627355319.0
Airai,125.4092,-8.9266,76.66,27.0,72.0,5.3,1627355319.0
,,,,,,,
Hasaki,140.8333,35.7333,81.28,74.0,23.0,19.95,1627355320.0
Vila Velha,-40.2925,-20.3297,67.95,94.0,0.0,4.61,1627355266.0
Dukat,155.55,62.55,49.78,81.0,100.0,6.33,1627355320.0
Caconda,15.0667,-13.7333,49.21,45.0,17.0,4.72,1627355320.0
Pisco,-76.2167,-13.7,64.45,82.0,0.0,10.36,1627355054.0
Klaksvík,-6.589,62.2266,50.92,99.0,100.0,7.85,1627355050.0
Puri,85.85,19.8,86.38,77.0,100.0,7.07,1627355321.0
Talā,30.9429,30.6803,71.31,78.0,0.0,4.18,1627355321.0
Pampa,-100.9599,35.5362,78.1,83.0,40.0,5.75,1627355321.0
Bathsheba,-59.5167,13.2167,81.21,78.0,20.0,12.66,1627355125.0
Sarangani,125.4636,5.4033,84.16,73.0,100.0,14.09,1627355322.0
Dosso,3.1937,13.049,79.18,74.0,100.0,12.66,1627355322.0
Tautira,-149.15,-17.7333,82.0,77.0,22.0,7.9,1627355322.0
,,,,,,,
Puerto Madryn,-65.0385,-42.7692,42.39,67.0,46.0,33.02,1627355323.0
Port Hueneme,-119.1951,34.1478,79.14,83.0,1.0,5.75,1627355314.0
Krasnoarmeysk,45.6969,51.0239,66.29,53.0,0.0,2.62,1627355323.0
,,,,,,,
,,,,,,,
San Patricio,-97.5169,28.017,84.04,70.0,3.0,8.66,1627355078.0
Matara,80.5353,5.9485,82.45,78.0,96.0,13.49,1627355264.0
Kigali,30.0588,-1.95,56.43,60.0,46.0,0.89,1627355324.0
Arlit,7.3853,18.7369,90.14,43.0,92.0,18.39,1627355324.0
North Platte,-100.7654,41.1239,81.01,75.0,1.0,1.01,1627355656.0
,,,,,,,
Coari,-63.1414,-4.085,75.52,76.0,60.0,3.4,1627355325.0
Broken Hill,141.4333,-31.95,65.55,27.0,7.0,29.17,1627355325.0
,,,,,,,
Dunedin,170.5036,-45.8742,56.8,41.0,5.0,7.0,1627355325.0
,,,,,,,
Topaowan,112.6895,30.67,87.46,71.0,0.0,15.32,1627355326.0
Novosergiyevka,53.6528,52.0934,64.83,41.0,4.0,3.33,1627355326.0
Bubaque,-15.8333,11.2833,79.59,84.0,91.0,10.96,1627355326.0
Margate,1.3862,51.3813,64.18,94.0,100.0,1.99,1627355169.0
,,,,,,,
Acapulco de Juárez,-99.8901,16.8634,81.36,82.0,21.0,3.58,1627355327.0
Sergeevka,67.4158,53.88,62.2,49.0,94.0,9.53,1627355327.0
,,,,,,,
Vardø,31.1107,70.3705,44.8,86.0,43.0,2.37,1627355129.0
Rome,-75.4557,43.2128,73.26,82.0,1.0,0.0,1627355180.0
Honningsvåg,25.9704,70.9821,40.53,74.0,25.0,4.25,1627355328.0
Macusani,-70.4333,-14.0833,34.12,77.0,0.0,3.33,1627355328.0
Krasnyy Yar,48.3456,46.5331,71.53,26.0,92.0,9.33,1627355328.0
Saint Paul Harbor,-152.4072,57.79,62.11,55.0,75.0,5.75,1627355149.0
Jalu,21.5482,29.0331,78.48,44.0,0.0,6.11,1627355329.0
Xining,101.7667,36.6167,64.29,64.0,93.0,7.56,1627355329.0
Mwense,28.698,-10.3845,52.54,64.0,100.0,6.51,1627355329.0
Caucayá,-74.7819,-0.1934,71.74,96.0,77.0,2.48,1627355329.0
Blackfoot,-112.345,43.1905,86.54,13.0,81.0,2.73,1627355330.0
Tukan,57.4552,53.8409,55.96,56.0,19.0,3.22,1627355330.0
Balclutha,169.75,-46.2339,55.6,47.0,7.0,6.04,1627355330.0
San Luis,-66.3356,-33.295,40.42,41.0,5.0,7.85,1627355155.0
,,,,,,,
Sinnamary,-52.95,5.3833,77.41,86.0,70.0,5.93,1627355331.0
Tālcher,85.2167,20.95,86.22,65.0,100.0,13.42,1627355331.0
Manaquiri,-60.35,-3.3167,79.25,73.0,100.0,2.06,1627355331.0
Flin Flon,-101.865,54.7682,62.87,51.0,26.0,2.53,1627355332.0
,,,,,,,
Norman Wells,-126.8329,65.282,63.59,55.0,99.0,3.58,1627355332.0
Igrim,64.4162,63.1906,53.4,76.0,83.0,7.27,1627355332.0
Katsuura,140.3,35.1333,80.71,89.0,99.0,17.87,1627355099.0
La Ronge,-105.2842,55.1001,62.55,57.0,44.0,3.62,1627355195.0
Pringsewu,104.9744,-5.3582,85.53,51.0,18.0,3.36,1627355126.0
Garbolovo,30.4955,60.3413,66.09,65.0,11.0,2.75,1627355333.0
Maykor,55.88,59.0059,55.72,95.0,100.0,10.6,1627355333.0
Mount Vernon,-73.8371,40.9126,80.94,68.0,1.0,1.01,1627355333.0
Port Hardy,-127.4199,50.6996,58.44,82.0,83.0,10.18,1627355334.0
Eyl,49.8164,7.9803,78.55,57.0,48.0,18.95,1627355334.0
Guilin,110.2864,25.2819,92.08,56.0,40.0,1.07,1627355334.0
Portland,-122.6762,45.5234,85.44,49.0,20.0,1.01,1627355269.0
Acajutla,-89.8275,13.5928,80.8,83.0,2.0,4.03,1627355335.0
Goderich,-81.7165,43.7501,67.91,69.0,30.0,4.16,1627355335.0
Port-Gentil,8.7815,-0.7193,74.23,81.0,90.0,10.18,1627355335.0
Paita,-81.1144,-5.0892,68.07,83.0,73.0,15.41,1627355336.0
Iisalmi,27.1907,63.5592,60.82,84.0,40.0,2.15,1627355336.0
Bushehr,50.8385,28.9684,96.78,42.0,22.0,7.09,1627355336.0
Poya,165.15,-21.35,76.59,45.0,4.0,9.93,1627355336.0
Ajuchitlán,-100.0167,20.7167,67.39,71.0,25.0,7.45,1627355337.0
Ocós,-92.1933,14.5094,82.31,73.0,100.0,1.79,1627355337.0
Evensk,159.2333,61.95,60.53,70.0,94.0,4.25,1627355337.0
Bitung,125.1824,1.4451,94.05,64.0,100.0,16.53,1627355338.0
Jiaojiang,121.4428,28.6803,81.16,89.0,100.0,7.9,1627355338.0
Khojaly District,46.7903,39.913,76.5,52.0,0.0,3.47,1627355338.0
Catalão,-47.9464,-18.1658,60.31,49.0,0.0,6.11,1627355338.0
Mwinilunga,24.4293,-11.7358,50.54,55.0,100.0,8.63,1627355339.0
Suamico,-88.0393,44.6319,77.77,80.0,1.0,4.61,1627355339.0
Kandrian,149.55,-6.2167,81.63,82.0,96.0,8.88,1627355339.0
Borba,-59.5939,-4.3878,74.75,70.0,99.0,1.97,1627355340.0
Yerbogachën,108.0108,61.2767,85.05,38.0,4.0,8.16,1627355662.0
Makakilo City,-158.0858,21.3469,84.52,59.0,75.0,12.66,1627355115.0
Udala,-2.5125,43.0778,55.62,97.0,61.0,2.37,1627355340.0
Caborca,-111.101,30.5838,88.07,38.0,19.0,2.59,1627355340.0
Khovd,91.6419,48.0056,71.6,45.0,14.0,3.76,1627355113.0
Andenes,16.1194,69.3143,57.47,100.0,90.0,4.61,1627355334.0
Torbat-e Jām,60.6225,35.244,82.35,28.0,0.0,25.48,1627355341.0
Scarborough,-0.4044,54.2797,60.53,89.0,37.0,4.38,1627355341.0
Prado,-39.2208,-17.3411,69.31,87.0,14.0,5.55,1627355341.0
Clevelândia,-52.4708,-26.3958,62.4,70.0,95.0,3.38,1627355342.0
Dassel,9.6884,51.8032,63.61,83.0,71.0,3.65,1627355342.0
Jacareacanga,-57.7528,-6.2222,73.65,53.0,47.0,1.5,1627355663.0
Ismailia,32.2723,30.6043,74.62,84.0,0.0,4.47,1627355342.0
Yorosso,-4.7761,12.3536,72.88,89.0,72.0,5.26,1627355343.0
Haines Junction,-137.5108,60.7522,52.43,87.0,100.0,4.54,1627355183.0
,,,,,,,
Kaeo,173.7833,-35.1,60.33,69.0,3.0,11.95,1627355343.0
Shahrud,54.9763,36.4182,78.96,39.0,5.0,6.49,1627355343.0
Hamilton,-84.5333,39.1834,77.22,75.0,1.0,0.0,1627355344.0
Lagoa,-27.9833,39.05,70.9,86.0,100.0,13.0,1627355344.0
General Roca,-67.5833,-39.0333,43.84,43.0,2.0,13.11,1627355344.0
Oskemen,82.6119,49.9565,67.96,77.0,75.0,11.18,1627355345.0
Baghdad,44.4009,33.3406,87.71,30.0,0.0,9.22,1627355265.0
Surakarta,110.8317,-7.5561,83.86,56.0,77.0,7.78,1627355345.0
,,,,,,,
Shemonaīkha,81.9056,50.6328,66.06,68.0,4.0,15.73,1627355345.0
São Filipe,-24.4956,14.8961,74.77,86.0,25.0,8.84,1627355171.0
Ketchikan,-131.6461,55.3422,57.67,94.0,90.0,9.22,1627355346.0
Mahibadhoo,72.9667,3.7833,82.47,73.0,86.0,10.87,1627355346.0
,,,,,,,
Mozarlândia,-50.5706,-14.7447,71.92,44.0,0.0,2.62,1627355347.0
Yangi Marg`ilon,71.7189,40.4272,88.52,27.0,1.0,9.22,1627355347.0
Muroto-misakicho,134.15,33.2833,81.12,69.0,17.0,2.62,1627355347.0
Te Anau,167.7167,-45.4167,48.63,70.0,33.0,5.68,1627355665.0
Havelock,-76.9013,34.8791,82.94,89.0,30.0,3.0,1627355056.0
Adwa,38.8955,14.1646,61.57,91.0,96.0,3.96,1627355348.0
Aykhal,111.5,66.0,84.09,34.0,35.0,5.48,1627355113.0
Allen,-85.0144,41.0706,73.87,86.0,1.0,3.44,1627355348.0
Morgan City,-91.2068,29.6994,81.0,94.0,1.0,4.61,1627355348.0
Ibrā’,58.5334,22.6906,86.56,49.0,31.0,5.14,1627355349.0
Vostok,135.8833,46.4856,87.4,51.0,99.0,4.54,1627355349.0
Inhambane,35.3833,-23.865,63.21,67.0,2.0,6.62,1627355205.0
,,,,,,,
Arys,68.795,42.4252,88.02,24.0,0.0,25.39,1627355349.0
Dehlorān,47.2679,32.6941,103.41,10.0,3.0,8.61,1627355236.0
Tromsø,18.957,69.6496,50.65,100.0,90.0,2.3,1627355350.0
Jacksonville Beach,-81.3931,30.2947,81.25,93.0,40.0,9.22,1627355350.0
Morant Bay,-76.4093,17.8815,83.82,85.0,100.0,8.23,1627355350.0
Baiyin,104.2081,36.5583,80.19,28.0,83.0,5.91,1627355351.0
Menongue,17.691,-14.6585,43.86,58.0,4.0,4.97,1627355351.0
,,,,,,,
Suileng,127.0833,47.25,75.45,89.0,100.0,8.25,1627355351.0
Houndé,-3.5167,11.5,72.79,85.0,78.0,6.4,1627355352.0
Gordeyevka,31.9703,52.9569,62.78,72.0,22.0,6.24,1627355352.0
Khem Karan,74.5667,31.1428,84.42,75.0,100.0,9.04,1627355352.0
Philadelphia,-75.1638,39.9523,79.11,67.0,20.0,0.0,1627355155.0
Kungurtug,97.5228,50.5994,61.48,85.0,99.0,3.22,1627355352.0
Kutum,24.6667,14.2,68.94,75.0,100.0,2.93,1627355353.0
Maiduguri,13.1603,11.8464,73.02,91.0,90.0,7.45,1627355353.0
Noumea,166.4572,-22.2763,77.0,99.0,28.0,18.25,1627355353.0
Micheweni,39.8333,-4.9667,75.29,72.0,13.0,16.49,1627355354.0
Sur,59.5289,22.5667,92.01,51.0,53.0,14.45,1627355354.0
Punta Alta,-62.0736,-38.8759,42.03,54.0,53.0,22.24,1627355354.0
Ouésso,16.0517,1.6136,73.54,76.0,97.0,2.37,1627355354.0
Severnyy,36.5532,50.677,62.64,67.0,0.0,2.24,1627355355.0
Moindou,165.677,-21.6924,75.15,53.0,7.0,13.6,1627355355.0
Sechura,-80.8222,-5.5569,68.74,79.0,74.0,16.46,1627355246.0
Nanortalik,-45.2371,60.1432,45.3,88.0,67.0,11.16,1627355120.0
Moba,105.0179,33.2288,65.61,70.0,100.0,2.53,1627355355.0
Hokitika,170.9667,-42.7167,52.48,75.0,61.0,14.14,1627355356.0
Abū Zabad,29.25,12.35,71.8,87.0,100.0,9.51,1627355356.0
Alfredo Chaves,-40.7497,-20.635,67.62,76.0,0.0,4.97,1627355356.0
Dossor,52.9811,47.5272,74.37,24.0,3.0,9.64,1627355357.0
Port Hedland,118.5667,-20.3167,80.65,47.0,89.0,13.8,1627355088.0
Brookhaven,-90.4407,31.5791,76.15,87.0,36.0,2.42,1627355357.0
North Bend,-124.2243,43.4065,66.24,90.0,90.0,13.8,1627355216.0
Shīeli,66.75,44.1667,84.45,21.0,0.0,17.56,1627355357.0
Yeppoon,150.7333,-23.1333,74.98,67.0,10.0,8.86,1627355358.0
Hässleholm,13.7664,56.1591,66.34,99.0,100.0,3.76,1627355358.0
Hope,-93.5916,33.6671,85.95,64.0,25.0,1.9,1627355221.0
Cockburn Town,-71.1419,21.4612,82.45,84.0,15.0,15.48,1627355358.0
Hobyo,48.5268,5.3505,76.82,72.0,95.0,22.32,1627355359.0
Rawson,-65.1023,-43.3002,42.24,73.0,86.0,32.93,1627355359.0
